,Player.ID,Last.Name,First.Name,Bats,Pitches,Team,Positions
1,almom001,Almonte,Miguel,R,R,ANA,P
2,alvaj003,Alvarez,Jose,L,L,ANA,P
3,andej005,Anderson,Justin,L,R,ANA,P
4,arcif001,Arcia,Francisco,L,R,ANA,C
5,bardl001,Bard,Luke,R,R,ANA,P
6,barrj003,Barria,Jaime,R,R,ANA,P
7,bedrc001,Bedrosian,Cam,R,R,ANA,P
8,blasj001,Blash,Jabari,R,R,ANA,OF
9,bricj001,Briceno,Jose,R,R,ANA,C
10,bridp001,Bridwell,Parker,R,R,ANA,P
11,buttt001,Buttrey,Ty,L,R,ANA,P
12,calhk001,Calhoun,Kole,L,L,ANA,OF
13,colet001,Cole,Taylor,R,R,ANA,P
14,cowak001,Cowart,Kaleb,B,R,ANA,3B
15,cozaz001,Cozart,Zack,R,R,ANA,SS
16,despo001,Despaigne,Odrisamer,R,R,ANA,P
17,drako001,Drake,Oliver,R,R,ANA,P
18,fernj004,Fernandez,Jose Miguel,L,R,ANA,1B
19,fletd002,Fletcher,David,R,R,ANA,SS
20,fontn001,Fontana,Nolan,L,R,ANA,SS
21,gratj001,Graterol,Juan,R,R,ANA,C
22,heana001,Heaney,Andrew,L,L,ANA,P
23,hermm001,Hermosillo,Michael,R,R,ANA,OF
24,hudsj002,Hudson,Joe,R,R,ANA,C
25,jerew001,Jerez,Williams,L,L,ANA,P
26,jewej001,Jewell,Jake,R,R,ANA,P
27,johnj010,Johnson,Jim,R,R,ANA,P
28,johns002,Johnson,Sherman,L,R,ANA,2B
29,kinsi001,Kinsler,Ian,R,R,ANA,2B
30,kroli001,Krol,Ian,L,L,ANA,P
31,lambj002,Lamb,John,L,L,ANA,P
32,maldm001,Maldonado,Martin,R,R,ANA,C
33,martj007,Marte,Jefry,R,R,ANA,1B
34,mcgud001,McGuire,Deck,R,R,ANA,P
35,middk001,Middleton,Keynan,R,R,ANA,P
36,morao001,Morales,Osmer,R,R,ANA,P
37,morra001,Morris,Akeel,R,R,ANA,P
38,ohtas001,Ohtani,Shohei,L,R,ANA,P
39,paree001,Paredes,Eduardo,R,R,ANA,P
40,parkb001,Parker,Blake,R,R,ANA,P
41,penaf002,Pena,Felix,R,R,ANA,P
42,pujoa001,Pujols,Albert,R,R,ANA,1B
43,ramij002,Ramirez,J.C.,R,R,ANA,P
44,ramin002,Ramirez,Noe,R,R,ANA,P
45,richg002,Richards,Garrett,R,R,ANA,P
46,river003,Rivera,Rene,R,R,ANA,C
47,roblh001,Robles,Hansel,R,R,ANA,P
48,schir001,Schimpf,Ryan,L,R,ANA,3B
49,shoem001,Shoemaker,Matt,R,R,ANA,P
50,simma001,Simmons,Andrelton,R,R,ANA,SS
51,skagt001,Skaggs,Tyler,L,L,ANA,P
52,tazaj001,Tazawa,Junichi,R,R,ANA,P
53,tropn001,Tropeano,Nick,R,R,ANA,P
54,troum001,Trout,Mike,R,R,ANA,OF
55,uptoj001,Upton,Justin,R,R,ANA,OF
56,valbl001,Valbuena,Luis,L,R,ANA,3B
57,wardt002,Ward,Taylor,R,R,ANA,3B
58,woodb004,Wood,Blake,R,R,ANA,P
59,younc004,Young,Chris,R,R,ANA,OF
60,youne003,Young,Eric,B,R,ANA,OF
61,ahmen001,Ahmed,Nick,R,R,ARI,SS
62,andrm001,Andriese,Matt,R,R,ARI,P
63,avila001,Avila,Alex,L,R,ARI,C
64,barrj002,Barrett,Jake,R,R,ARI,P
65,boxbb001,Boxberger,Brad,R,R,ARI,P
66,bracs001,Bracho,Silvino,R,R,ARI,P
67,brada001,Bradley,Archie,R,R,ARI,P
68,brits001,Brito,Socrates,L,L,ARI,OF
69,buchc001,Buchholz,Clay,L,R,ARI,P
70,chafa001,Chafin,Andrew,R,L,ARI,P
71,corbp001,Corbin,Patrick,L,L,ARI,P
72,delaj001,de la Rosa,Jorge,L,L,ARI,P
73,delgr001,Delgado,Randall,R,R,ARI,P
74,descd001,Descalso,Daniel,L,R,ARI,SS
75,diekj001,Diekman,Jake,L,L,ARI,P
76,dysoj001,Dyson,Jarrod,L,R,ARI,OF
77,escoe001,Escobar,Eduardo,B,R,ARI,SS
78,godlz001,Godley,Zack,R,R,ARI,P
79,goldp001,Goldschmidt,Paul,R,R,ARI,1B
80,greiz001,Greinke,Zack,R,R,ARI,P
81,hiray001,Hirano,Yoshihisa,R,R,ARI,P
82,jay-j001,Jay,Jon,L,L,ARI,OF
83,kivlp001,Kivlehan,Patrick,R,R,ARI,3B
84,kochm001,Koch,Matt,L,R,ARI,P
85,krehj001,Krehbiel,Joey,R,R,ARI,P
86,lambj001,Lamb,Jake,L,R,ARI,3B
87,lopey001,Lopez,Yoan,R,R,ARI,P
88,marrd001,Marrero,Deven,R,R,BOS,3B
89,martk001,Marte,Ketel,B,R,ARI,SS
90,mathj001,Mathis,Jeff,R,R,ARI,C
91,mcfat001,McFarland,T.J.,L,L,ARI,P
92,medlk001,Medlen,Kris,B,R,ARI,P
93,mills001,Miller,Shelby,R,R,ARI,P
94,murpj001,Murphy,John Ryan,R,R,ARI,C
95,negrk001,Negron,Kristopher,R,R,ARI,OF
96,owinc001,Owings,Chris,R,R,ARI,2B
97,perad001,Peralta,David,L,L,ARI,OF
98,polla001,Pollock,A.J.,R,R,ARI,OF
99,ray-r002,Ray,Robbie,L,L,ARI,P
100,salaf001,Salas,Fernando,R,R,ARI,P
101,scrit001,Scribner,Troy,R,R,ARI,P
102,sherj001,Sherfy,Jimmie,R,R,ARI,P
103,shipb001,Shipley,Braden,R,R,ARI,P
104,souzs001,Souza,Steven,R,R,ARI,OF
105,stewc001,Stewart,Chris,R,R,ARI,C
106,vargi001,Vargas,Ildemaro,B,R,ARI,2B
107,walkc002,Walker,Christian,R,R,ARI,1B
108,walkt004,Walker,Taijuan,R,R,ARI,P
109,ziegb001,Ziegler,Brad,R,R,ARI,P
110,acunr001,Acuna,Ronald,R,R,ATL,OF
111,adaml001,Adams,Lane,R,R,ATL,OF
112,albio001,Albies,Ozzie,B,R,ATL,2B
113,allak001,Allard,Kolby,L,L,ATL,P
114,bautj002,Bautista,Jose,R,R,ATL,OF
115,biddj001,Biddle,Jesse,L,L,ATL,P
116,bourp001,Bourjos,Peter,R,R,ATL,OF
117,bracb001,Brach,Brad,R,R,ATL,P
118,brotr001,Brothers,Rex,L,L,ATL,P
119,camaj001,Camargo,Johan,B,R,ATL,SS
120,carls002,Carle,Shane,R,R,ATL,P
121,culbc001,Culberson,Charlie,R,R,ATL,3B
122,dudal001,Duda,Lucas,L,R,ATL,1B
123,duvaa001,Duvall,Adam,R,R,ATL,OF
124,flahr001,Flaherty,Ryan,L,R,ATL,2B
125,flowt001,Flowers,Tyler,R,R,ATL,C
126,foltm001,Foltynewicz,Mike,R,R,ATL,P
127,freef001,Freeman,Freddie,L,R,ATL,1B
128,frees001,Freeman,Sam,R,L,ATL,P
129,friem001,Fried,Max,L,L,ATL,P
130,gausk001,Gausman,Kevin,L,R,ATL,P
131,gohal001,Gohara,Luiz,L,L,ATL,P
132,incie001,Inciarte,Ender,L,L,ATL,OF
133,jackl001,Jackson,Luke,R,R,ATL,P
134,markn001,Markakis,Nick,L,L,ATL,OF
135,mccab001,McCarthy,Brandon,R,R,ATL,P
136,mccra001,McCreery,Adam,L,L,ATL,P
137,minta001,Minter,A.J.,L,L,ATL,P
138,moylp001,Moylan,Peter,R,R,ATL,P
139,newcs001,Newcomb,Sean,L,L,ATL,P
140,parsw001,Parsons,Wes,R,R,ATL,P
141,perec003,Perez,Carlos,R,R,ATL,C
142,peted002,Peterson,Dustin,R,R,ATL,OF
143,phile001,Phillips,Evan,R,R,ATL,P
144,ramij004,Ramirez,Jose,R,R,ATL,P
145,ravij001,Ravin,Josh,R,R,ATL,P 
146,reedm001,Reed,Michael,R,R,ATL,OF
147,river003,Rivera,Rene,R,R,ATL,C
148,ruizr002,Ruiz,Rio,L,R,ATL,3B
149,sanca004,Sanchez,Anibal,R,R,ATL,P
150,santd001,Santana,Danny,B,R,ATL,OF
151,simsl001,Sims,Lucas,R,R,ATL,P
152,soboc001,Sobotka,Chad,R,R,ATL,P
153,socom001,Socolovich,Miguel,R,R,ATL,P
154,sorom001,Soroka,Mike,R,R,ATL,P
155,stewc001,Stewart,Chris,R,R,ATL,C
156,suzuk001,Suzuki,Kurt,R,R,ATL,C
157,swand001,Swanson,Dansby,R,R,ATL,SS
158,tehej001,Teheran,Julio,R,R,ATL,P
159,toust001,Toussaint,Touki,R,R,ATL,P
160,tuckp001,Tucker,Preston,L,L,ATL,OF
161,ventj001,Venters,Jonny,L,L,ATL,P
162,vizca001,Vizcaino,Arodys,R,R,ATL,P
163,whitc001,Whitley,Chase,R,R,ATL,P
164,winkd001,Winkler,Daniel,R,R,ATL,P 
165,wislm001,Wisler,Matt,R,R,ATL,P
166,wilsb003,Wilson,Bryse,R,R,ATL,P
167,wrigk001,Wright,Kyle,R,R,ATL,P
168,alvap001,Alvarez,Pedro,L,R,BAL,1B
169,andrj001,Andreoli,John,R,R,BAL,OF
170,araup001,Araujo,Pedro,R,R,BAL,P
171,beckt001,Beckham,Tim,R,R,BAL,2B
172,bleir001,Bleier,Richard,L,L,BAL,P
173,bracb001,Brach,Brad,R,R,BAL,P
174,britz001,Britton,Zach,L,L,BAL,P
175,bundd001,Bundy,Dylan,B,R,BAL,P
176,carrc004,Carroll,Cody,R,R,BAL,P
177,casha001,Cashner,Andrew,R,R,BAL,P
178,castm002,Castro,Miguel,R,R,BAL,P
179,cobba001,Cobb,Alex,R,R,BAL,P
180,cortn001,Cortes,Nestor,R,L,BAL,P
181,davic003,Davis,Chris,L,R,BAL,1B
182,fry-p001,Fry,Paul,L,L,BAL,P
183,gausk001,Gausman,Kevin,L,R,BAL,P
184,gentc001,Gentry,Craig,R,R,BAL,OF
185,gilms001,Gilmartin,Sean,L,L,BAL,P
186,givem001,Givens,Mychal,R,R,BAL,P
187,hartd002,Hart,Donnie,L,L,BAL,P
188,hessd001,Hess,David,R,R,BAL,P
189,jonea003,Jones,Adam,R,R,BAL,OF
190,josec002,Joseph,Caleb,R,R,BAL,C
191,josec001,Joseph,Corban,L,R,BAL,1B
192,machm001,Machado,Manny,R,R,BAL,3B
193,manct001,Mancini,Trey,R,R,BAL,1B
194,marij001,Marinez,Jhan,R,R,BAL,P
195,meanj001,Means,John,L,L,BAL,P
196,meisr001,Meisinger,Ryan,R,R,BAL,P
197,mullc002,Mullins,Cedric,B,L,BAL,OF
198,nuner001,Nunez,Renato,R,R,BAL,3B
199,odayd001,O'Day,Darren,R,R,BAL,P
200,ortil002,Ortiz,Luis,R,R,BAL,P
201,petej002,Peterson,Jace,L,R,BAL,2B
202,phile001,Phillips,Evan,R,R,BAL,P
203,ramiy001,Ramirez,Yefry,R,R,BAL,P
204,rasmc001,Rasmus,Colby,L,L,BAL,OF
205,rickj001,Rickard,Joey,R,L,BAL,OF
206,rogej003,Rogers,Josh,L,L,BAL,P
207,santa003,Santander,Anthony,B,R,BAL,OF
208,sardl001,Sardinas,Luis,B,R,BAL,2B
209,schoj001,Schoop,Jonathan,R,R,BAL,2B
210,scott003,Scott,Tanner,R,L,BAL,P
211,siscc001,Sisco,Chance,L,R,BAL,C
212,stewd002,Stewart,DJ,L,R,BAL,OF
213,susaa001,Susac,Andrew,R,R,BAL,C
214,tillc001,Tillman,Chris,R,R,BAL,P
215,trumm001,Trumbo,Mark,R,R,BAL,OF
216,valed001,Valencia,Danny,R,R,BAL,3B
217,valeb001,Valera,Breyvic,B,R,BAL,2B
218,viele001,Vielma,Engelb,B,R,BAL,SS
219,villj001,Villar,Jonathan,B,R,BAL,SS
220,wilks001,Wilkerson,Steve,B,R,BAL,3B
221,wrigm001,Wright,Mike,R,R,BAL,P
222,wynna001,Wynns,Austin,R,R,BAL,C
223,yacaj001,Yacabonis,Jimmy,R,R,BAL,P
224,barnm001,Barnes,Matt,R,R,BOS,P
225,beekj001,Beeks,Jalen,L,L,BOS,P
226,benia002,Benintendi,Andrew,L,L,BOS,LF
227,bettm001,Betts,Mookie,R,R,BOS,OF
228,bogax001,Bogaerts,Xander,R,R,BOS,SS
229,bradj001,Bradley,Jackie,L,R,BOS,OF
230,brasr001,Brasier,Ryan,R,R,BOS,P
231,butld001,Butler,Dan,R,R,BOS,C
232,cuevw001,Cuevas,William,R,R,BOS,P
233,dever001,Devers,Rafael,L,R,BOS,3B
234,eovan001,Eovaldi,Nathan,R,R,BOS,P
235,halej001,Haley,Justin,R,R,BOS,P
236,hembh001,Hembree,Heath,R,R,BOS,P
237,holtb002,Holt,Brock,L,R,BOS,OF
238,johnb004,Johnson,Brian,L,L,BOS,P
239,kellj001,Kelly,Joe,R,R,BOS,P
240,kimbc001,Kimbrel,Craig,R,R,BOS,P
241,kinsi001,Kinsler,Ian,R,R,BOS,2B
242,leons001,Leon,Sandy,B,R,BOS,C
243,lin-t001,Lin,Tzu-Wei,L,R,BOS,SS
244,martj006,Martinez,J.D.,R,R,BOS,OF
245,morem001,Moreland,Mitch,L,L,BOS,1B
246,nunee002,Nunez,Eduardo,R,R,BOS,SS
247,pears001,Pearce,Steve,R,R,BOS,OF
248,pedrd001,Pedroia,Dustin,R,R,BOS,2B
249,philb001,Phillips,Brandon,R,R,BOS,2B
250,pomed001,Pomeranz,Drew,R,L,BOS,P
251,porcr001,Porcello,Rick,R,R,BOS,P
252,poynb001,Poyner,Bobby,L,L,BOS,P
253,pricd001,Price,David,L,L,BOS,P
254,ramih003,Ramirez,Hanley,R,R,BOS,1B
255,rendt001,Renda,Tony,R,R,BOS,2B
256,rodre004,Rodriguez,Eduardo,L,L,BOS,P
257,salec001,Sale,Chris,L,L,BOS,P
258,scotr001,Scott,Robby,B,L,BOS,P
259,smitc004,Smith,Carson,R,R,BOS,P 
260,swihb001,Swihart,Blake,B,R,BOS,C
261,thort001,Thornburg,Tyler,R,R,BOS,P
262,travs001,Travis,Sam,R,R,BOS,1B
263,vazqc001,Vazquez,Christian,R,R,BOS,C
264,velah001,Velazquez,Hector,R,R,BOS,P
265,waldm002,Walden,Marcus,R,R,BOS,P
266,workb001,Workman,Brandon,R,R,BOS,P
267,wrigs001,Wright,Steven,R,R,BOS,P 
268,abrej003,Abreu,Jose,R,R,CHA,1B
269,andet001,Anderson,Tim,R,R,CHA,SS
270,avill001,Avilan,Luis,L,L,CHA,P
271,beckc002,Beck,Chris,R,R,CHA,P
272,bumma001,Bummer,Aaron,L,L,CHA,P
273,burrr002,Burr,Ryan,R,R,CHA,P
274,castw002,Castillo,Welington,R,R,CHA,C
275,cedex001,Cedeno,Xavier,L,L,CHA,P
276,cordr001,Cordell,Ryan,R,R,CHA,OF
277,coved001,Covey,Dylan,R,R,CHA,P
278,danit001,Danish,Tyler,R,R,CHA,P
279,davim005,Davidson,Matt,R,R,CHA,3B
280,delmn001,Delmonico,Nicky,L,R,CHA,3B
281,engea001,Engel,Adam,R,R,CHA,OF
282,farqd001,Farquhar,Danny,R,R,CHA,P
283,frarc001,Frare,Caleb,L,L,CHA,P
284,fry-j001,Fry,Jace,L,L,CHA,P
285,fulmc001,Fulmer,Carson,R,R,CHA,P
286,garca003,Garcia,Avisail,R,R,CHA,OF
287,garcl004,Garcia,Leury,B,R,CHA,OF
288,garnd001,Garneau,Dustin,R,R,CHA,C
289,gioll001,Giolito,Lucas,R,R,CHA,P
290,gomej002,Gomez,Jeanmar,R,R,CHA,P
291,gonza006,Gonzalez,Alfredo,R,R,CHA,C
292,gonzm003,Gonzalez,Miguel,R,R,CHA,P
293,hamii001,Hamilton,Ian,R,R,CHA,P
294,infag001,Infante,Gregory,R,R,CHA,P
295,jonen001,Jones,Nate,R,R,CHA,P
296,kopem001,Kopech,Michael,R,R,CHA,P
297,lamar001,LaMarre,Ryan,R,L,CHA,OF
298,loper003,Lopez,Reynaldo,R,R,CHA,P
299,minaj001,Minaya,Juan,R,R,CHA,P
300,moncy001,Moncada,Yoan,B,R,CHA,3B
301,narvo001,Narvaez,Omar,L,R,CHA,C
302,palkd001,Palka,Daniel,L,L,CHA,OF
303,rodoc001,Rodon,Carlos,L,L,CHA,P
304,rondb001,Rondon,Bruce,R,R,CHA,P
305,rondj002,Rondon,Jose,R,R,CHA,SS
306,ruizj001,Ruiz,Jose,R,R,CHA,P
307,salat001,Saladino,Tyler,R,R,CHA,3B
308,sancc001,Sanchez,Yolmer,B,R,CHA,2B
309,santh001,Santiago,Hector,R,L,CHA,P
310,scahr001,Scahill,Rob,L,R,CHA,P
311,shiej002,Shields,James,R,R,CHA,P
312,skolm001,Skole,Matt,L,R,CHA,1B
313,smitk002,Smith,Kevan,R,R,CHA,C
314,sorij001,Soria,Joakim,R,R,CHA,P
315,thomt002,Thompson,Trayce,R,R,CHA,OF
316,tilsc001,Tilson,Charlie,L,L,CHA,OF
317,vieit001,Vieira,Thyago,R,R,CHA,P
318,volsc001,Volstad,Chris,R,R,CHA,P
319,almoa002,Almora,Albert,R,R,CHN,OF
320,baezj001,Baez,Javier,R,R,CHN,2B
321,bassa001,Bass,Anthony,R,R,CHN,P
322,boted002,Bote,David,R,R,CHN,2B
323,bryak001,Bryant,Kris,R,R,CHN,3B
324,butle001,Butler,Eddie,R,R,CHN,P
325,carav001,Caratini,Victor,B,R,CHN,C
326,chatt001,Chatwood,Tyler,R,R,CHN,P
327,chavj001,Chavez,Jesse,R,R,CHN,P
328,cishs001,Cishek,Steve,R,R,CHN,P
329,contw001,Contreras,Willson,R,R,CHN,C
330,darvy001,Darvish,Yu,R,R,CHN,P
331,davit004,Davis,Taylor,R,R,CHN,C
332,delaj001,de la Rosa,Jorge,L,L,CHN,P
333,duenb001,Duensing,Brian,L,L,CHN,P
334,edwac001,Edwards,Carl,R,R,CHN,P
335,farrl001,Farrell,Luke,L,R,CHN,P
336,freem002,Freeman,Mike,L,R,CHN,1B
337,garcj004,Garcia,Jaime,L,L,CHN,P
338,gimec001,Gimenez,Chris,R,R,CHN,C
339,goret001,Gore,Terrance,R,R,CHN,OF
340,hamec001,Hamels,Cole,L,L,CHN,P
341,hancj002,Hancock,Justin,R,R,CHN,P
342,happi001,Happ,Ian,B,R,CHN,2B
343,hendk001,Hendricks,Kyle,R,R,CHN,P
344,heywj001,Heyward,Jason,L,L,CHN,OF
345,kintb001,Kintzler,Brandon,R,R,CHN,P
346,lastt001,La Stella,Tommy,L,R,CHN,2B
347,lestj001,Lester,Jon,L,L,CHN,P
348,mapld001,Maples,Dillon,R,R,CHN,P
349,mazzc001,Mazzoni,Cory,R,R,CHN,P
350,milla003,Mills,Alec,R,R,CHN,P
351,montm002,Montgomery,Mike,L,L,CHN,P
352,morrb001,Morrow,Brandon,R,R,CHN,P
353,murpd006,Murphy,Daniel,L,R,CHN,2B
354,navae001,Navarro,Efren,L,L,CHN,1B
355,norwj001,Norwood,James,R,R,CHN,P
356,quinj001,Quintana,Jose,R,L,CHN,P
357,rizza001,Rizzo,Anthony,L,L,CHN,1B
358,rosar002,Rosario,Randy,L,L,CHN,P
359,russa002,Russell,Addison,R,R,CHN,2B
360,schwk001,Schwarber,Kyle,L,R,CHN,OF
361,strop001,Strop,Pedro,R,R,CHN,P
362,tsenj001,Tseng,Jen-Ho,L,R,CHN,P
363,unded001,Underwood,Duane,R,R,CHN,P
364,websa001,Webster,Allen,R,R,CHN,P
365,wilsj004,Wilson,Justin,L,L,CHN,P
366,zagum002,Zagunis,Mark,R,R,CHN,OF
367,zastr001,Zastryzny,Rob,R,L,CHN,P
368,zobrb001,Zobrist,Ben,B,R,CHN,2B
369,aquia001,Aquino,Aristides,R,R,CIN,OF
370,bailh001,Bailey,Homer,R,R,CIN,P
371,barnt001,Barnhart,Tucker,B,R,CIN,C
372,blana002,Blandino,Alex,R,R,CIN,2B
373,brica001,Brice,Austin,R,R,CIN,P
374,casac001,Casali,Curt,R,R,CIN,C
375,castl003,Castillo,Luis,R,R,CIN,P
376,crock001,Crockett,Kyle,L,L,CIN,P
377,cruzt002,Cruz,Tony,R,R,CIN,C
378,desca001,DeSclafani,Anthony,R,R,CIN,P
379,dixob001,Dixon,Brandon,R,R,CIN,OF
380,duvaa001,Duvall,Adam,R,R,CIN,OF
381,ervip001,Ervin,Phillip,R,R,CIN,OF
382,fedet001,Federowicz,Tim,R,R,CIN,C
383,finnb001,Finnegan,Brandon,L,L,CIN,P
384,flord002,Floro,Dylan,L,R,CIN,P
385,gally001,Gallardo,Yovani,R,R,CIN,P
386,garra001,Garrett,Amir,R,L,CIN,P
387,genns001,Gennett,Scooter,L,R,CIN,2B
388,gossp001,Gosselin,Phil,R,R,CIN,2B
389,guerg001,Guerrero,Gabriel,R,R,CIN,OF
390,hamib001,Hamilton,Billy,B,R,CIN,OF
391,harvm001,Harvey,Matt,R,R,CIN,P
392,hernd002,Hernandez,David,R,R,CIN,P
393,herrd002,Herrera,Dilson,R,R,CIN,IF
394,herrr002,Herrera,Rosell,B,R,CIN,SS
395,hughj001,Hughes,Jared,R,R,CIN,P
396,igler001,Iglesias,Raisel,R,R,CIN,P
397,lorem002,Lorenzen,Michael,R,R,CIN,P
398,mahlt001,Mahle,Tyler,R,R,CIN,P
399,mellk001,Mella,Keury,R,R,CIN,P
400,mesod001,Mesoraco,Devin,R,R,CIN,C
401,pennc001,Pennington,Cliff,B,R,CIN,2B
402,peraj003,Peraza,Jose,R,R,CIN,2B
403,peraw002,Peralta,Wandy,L,L,CIN,P
404,quack001,Quackenbush,Kevin,R,R,CIN,P
405,raint003,Rainey,Tanner,R,R,CIN,P
406,reedc002,Reed,Cody,L,L,CIN,P
407,reyej004,Reyes,Jesus,R,R,CIN,P
408,romas001,Romano,Sal,L,R,CIN,P
409,sches001,Schebler,Scott,L,R,CIN,OF
410,shack001,Shackelford,Kevin,R,R,CIN,P
411,simsl001,Sims,Lucas,R,R,CIN,P
412,stepj002,Stephens,Jackson,R,R,CIN,P
413,stepr002,Stephenson,Robert,R,R,CIN,P
414,suare001,Suarez,Eugenio,R,R,CIN,SS
415,trahb001,Trahan,Blake,R,R,CIN,SS
416,tuckp001,Tucker,Preston,L,L,CIN,OF
417,vottj001,Votto,Joey,L,R,CIN,1B
418,weisz001,Weiss,Zack,R,R,CIN,P
419,willm007,Williams,Mason,L,R,CIN,OF
420,winkj002,Winker,Jesse,L,L,CIN,P
421,wislm001,Wisler,Matt,R,R,CIN,P
422,allec002,Allen,Cody,R,R,CLE,P
423,alleg002,Allen,Greg,B,R,CLE,OF
424,alony001,Alonso,Yonder,L,R,CLE,1B
425,barnb002,Barnes,Brandon,R,R,CLE,OF
426,bauet001,Bauer,Trevor,R,R,CLE,P
427,belim001,Belisle,Matt,R,R,CLE,P
428,belij001,Beliveau,Jeff,L,L,CLE,P
429,biebs001,Bieber,Shane,R,R,CLE,P
430,branm003,Brantley,Michael,L,L,CLE,OF
431,cabrm002,Cabrera,Melky,B,L,CLE,OF
432,carrc003,Carrasco,Carlos,R,R,CLE,P
433,chisl001,Chisenhall,Lonnie,L,R,CLE,OF
434,cimba001,Cimber,Adam,R,R,CLE,P
435,clevm001,Clevinger,Mike,R,R,CLE,P
436,davir003,Davis,Rajai,R,R,CLE,OF
437,diazy001,Diaz,Yandy,R,R,CLE,OF
438,donaj001,Donaldson,Josh,R,R,CLE,3B
439,drako001,Drake,Oliver,R,R,CLE,P
440,edwaj001,Edwards,Jon,R,R,CLE,P
441,encae001,Encarnacion,Edwin,R,R,CLE,DH
442,gomey001,Gomes,Yan,R,R,CLE,C
443,gonze004,Gonzalez,Erik,R,R,CLE,SS
444,goodn001,Goody,Nick,R,R,CLE,P
445,guyeb001,Guyer,Brandon,R,R,CLE,OF
446,haase001,Haase,Eric,R,R,CLE,C
447,handb001,Hand,Brad,L,L,CLE,P
448,kipnj001,Kipnis,Jason,L,R,CLE,2B
449,klubc001,Kluber,Corey,R,R,CLE,P
450,kontg001,Kontos,George,R,R,CLE,P
451,lindf001,Lindor,Francisco,B,R,CLE,SS
452,marse001,Marshall,Evan,R,R,CLE,P
453,martl004,Martin,Leonys,L,R,CLE,OF
454,mcalz001,McAllister,Zach,R,R,CLE,P
455,mejif001,Mejia,Francisco,B,R,CLE,C
456,milla002,Miller,Andrew,L,L,CLE,P
457,naqut001,Naquin,Tyler,L,R,CLE,OF
458,ogana001,Ogando,Alexi,R,R,CLE,P
459,olsot002,Olson,Tyler,R,L,CLE,P
460,oterd001,Otero,Dan,R,R,CLE,P
461,pereo002,Perez,Oliver,L,L,CLE,P
462,perer003,Perez,Roberto,R,R,CLE,C
463,pluta001,Plutko,Adam,R,R,CLE,P
464,ramij003,Ramirez,Jose,B,R,CLE,SS
465,ramin001,Ramirez,Neil,R,R,CLE,P
466,rosaa001,Rosales,Adam,R,R,CLE,1B
467,rzepm001,Rzepczynski,Marc,L,L,CLE,P
468,taylb002,Taylor,Ben,R,R,CLE,P
469,tomlj001,Tomlin,Josh,R,R,CLE,P
470,zimmb001,Zimmer,Bradley,L,R,CLE,OF
471,almoy001,Almonte,Yency,B,R,COL,P
472,andet002,Anderson,Tyler,L,L,COL,P
473,arenn001,Arenado,Nolan,R,R,COL,3B
474,bettc001,Bettis,Chad,R,R,COL,P
475,blacc001,Blackmon,Charlie,L,L,COL,OF
476,buted001,Butera,Drew,R,R,COL,C
477,castd001,Castro,Daniel,R,R,COL,2B
478,cuevn001,Cuevas,Noel,R,R,COL,OF
479,dahld001,Dahl,David,L,R,COL,OF
480,daviw001,Davis,Wade,R,R,COL,P
481,desmi001,Desmond,Ian,R,R,COL,SS
482,dunnm002,Dunn,Michael,L,L,COL,P
483,freek001,Freeland,Kyle,L,L,COL,P
484,gonzc001,Gonzalez,Carlos,L,L,COL,OF
485,grayj003,Gray,Jon,R,R,COL,P
486,hampg001,Hampson,Garrett,R,R,COL,SS
487,hoffj003,Hoffman,Jeff,R,R,COL,P
488,hollm001,Holliday,Matt,R,R,COL,OF
489,howas002,Howard,Sam,R,L,COL,P
490,iannc001,Iannetta,Chris,R,R,COL,C
491,johnd005,Johnson,D.J.,L,R,COL,P
492,lemad001,LeMahieu,DJ,R,R,COL,2B
493,marqg001,Marquez,German,R,R,COL,P
494,mcgej001,McGee,Jake,L,L,COL,P
495,mcmar001,McMahon,Ryan,L,R,COL,3B
496,murpt002,Murphy,Tom,R,R,COL,C
497,musgh001,Musgrave,Harrison,L,L,COL,P
498,obers001,Oberg,Scott,R,R,COL,P
499,oh--s001,Oh,Seung Hwan,R,R,COL,P
500,ottaa001,Ottavino,Adam,L,R,COL,P
501,parrg001,Parra,Gerardo,L,L,COL,OF
502,pounb001,Pounders,Brooks,R,R,COL,P
503,rusic001,Rusin,Chris,L,L,COL,P
504,senza001,Senzatela,Antonio,R,R,COL,P
505,shawb001,Shaw,Bryan,B,R,COL,P
506,stort001,Story,Trevor,R,R,COL,SS
507,tapir001,Tapia,Raimel,L,L,COL,OF
508,taucm001,Tauchman,Mike,L,L,COL,OF
509,valap001,Valaika,Pat,R,R,COL,SS
510,vastj001,Vasto,Jerry,L,L,COL,P
511,woltt001,Wolters,Tony,L,R,COL,C
512,adduj002,Adduci,Jim,L,L,DET,OF
513,alcav001,Alcantara,Victor,R,R,DET,P
514,baezs001,Baez,Sandy,R,R,DET,P
515,barbj001,Barbato,John,R,R,DET,P
516,bellc003,Bell,Chad,R,L,DET,P
517,boydm001,Boyd,Matt,L,L,DET,P
518,cabrm001,Cabrera,Miguel,R,R,DET,1B
519,candj002,Candelario,Jeimer,B,R,DET,3B
520,carpr001,Carpenter,Ryan,L,L,DET,P
521,casth001,Castro,Harold,L,R,DET,3B
522,castn001,Castellanos,Nick,R,R,DET,3B
523,colel001,Coleman,Louis,R,R,DET,P
524,farmb001,Farmer,Buck,L,R,DET,P
525,fierm001,Fiers,Michael,R,R,DET,P
526,fulmm001,Fulmer,Michael,R,R,DET,P
527,gerbm001,Gerber,Mike,L,R,DET,OF
528,goodn002,Goodrum,Niko,B,R,DET,OF
529,greig001,Greiner,Grayson,R,R,DET,C
530,grees005,Greene,Shane,R,R,DET,P
531,hallm002,Hall,Matt,L,L,DET,P
532,hardb001,Hardy,Blaine,L,L,DET,P
533,hickj001,Hicks,John,R,R,DET,C
534,iglej001,Iglesias,Jose,R,R,DET,SS
535,jimej003,Jimenez,Joe,R,R,DET,P
536,jonej006,Jones,JaCoby,R,R,DET,3B
537,kozmp001,Kozma,Pete,R,R,DET,SS
538,lewia001,Lewicki,Artie,R,R,DET,P
539,lirif001,Liriano,Francisco,L,L,DET,P
540,lugod001,Lugo,Dawel,R,R,DET,2B
541,machd001,Machado,Dixon,R,R,DET,SS
542,mahtm001,Mahtook,Mikie,R,R,DET,OF
543,martl004,Martin,Leonys,L,R,DET,OF
544,martv001,Martinez,Victor,B,R,DET,DH
545,mcalz001,McAllister,Zach,R,R,DET,P
546,mccaj001,McCann,James,R,R,DET,C
547,norrd002,Norris,Daniel,L,L,DET,P
548,reinz001,Reininger,Zac,B,R,DET,P
549,reyev001,Reyes,Victor,B,R,DET,OF
550,rodrr009,Rodriguez,Ronny,R,R,DET,3B
551,saltj001,Saltalamacchia,Jarrod,B,R,DET,C
552,saupw001,Saupold,Warwick,R,R,DET,P
553,smokj001,Smoker,Josh,L,L,DET,P
554,stewc002,Stewart,Christin,L,R,DET,OF
555,stumd001,Stumpf,Daniel,L,L,DET,P
556,turnj002,Turner,Jacob,R,R,DET,P
557,turns003,Turnbull,Spencer,R,R,DET,P
558,verhd001,VerHagen,Drew,R,R,DET,P
559,wilsa001,Wilson,Alex,R,R,DET,P
560,zimmj003,Zimmermann,Jordan,R,R,DET,P
561,altuj001,Altuve,Jose,R,R,HOU,2B
562,brega001,Bregman,Alex,R,R,HOU,SS
563,coleg001,Cole,Gerrit,R,R,HOU,P
564,corrc001,Correa,Carlos,R,R,HOU,SS
565,davij006,Davis,J.D.,R,R,HOU,3B
566,deetd001,Deetz,Dean,R,R,HOU,P
567,devec001,Devenski,Chris,R,R,HOU,P
568,fedet001,Federowicz,Tim,R,R,HOU,C
569,fishd001,Fisher,Derek,L,R,HOU,OF
570,gatte001,Gattis,Evan,R,R,HOU,C
571,gilek001,Giles,Ken,R,R,HOU,P
572,gonzm002,Gonzalez,Marwin,B,R,HOU,1B
573,gudur001,Guduan,Reymin,L,L,HOU,P
574,gurry001,Gurriel,Yulieski,R,R,HOU,3B
575,harrw002,Harris,Will,R,R,HOU,P
576,hoytj001,Hoyt,James,R,R,HOU,P
577,jamej002,James,Josh,R,R,HOU,P
578,kempt001,Kemp,Tony,L,R,HOU,OF
579,keucd001,Keuchel,Dallas,L,L,HOU,P
580,maldm001,Maldonado,Martin,R,R,HOU,C
581,marij002,Marisnick,Jake,R,R,HOU,OF
582,mccab002,McCann,Brian,L,R,HOU,C
583,mccul002,McCullers,Lance,L,R,HOU,P
584,mchuc001,McHugh,Collin,R,R,HOU,P
585,mortc002,Morton,Charlie,R,R,HOU,P
586,osunr001,Osuna,Roberto,R,R,HOU,P
587,peacb001,Peacock,Brad,R,R,HOU,P
588,perec004,Perez,Cionel,L,L,HOU,P
589,presr001,Pressly,Ryan,R,R,HOU,P
590,reddj001,Reddick,Josh,L,R,HOU,OF
591,rondh001,Rondon,Hector,R,R,HOU,P
592,reeda002,Reed,A.J.,L,L,HOU,1B
593,sippt001,Sipp,Tony,L,L,HOU,P
594,smitj002,Smith,Joe,R,R,HOU,P
595,sprig001,Springer,George,R,R,HOU,OF
596,stasm001,Stassi,Max,R,R,HOU,C
597,stram002,Straw,Myles,R,R,HOU,OF
598,tuckk001,Tucker,Kyle,L,R,HOU,OF
599,valdf001,Valdez,Framber,L,L,HOU,P
600,verlj001,Verlander,Justin,R,R,HOU,P
601,whitt002,White,Tyler,R,R,HOU,1B
602,adamj002,Adam,Jason,R,R,KCA,P
603,almoa001,Almonte,Abraham,B,R,KCA,OF
604,barls001,Barlow,Scott,R,R,KCA,P
605,bonij002,Bonifacio,Jorge,R,R,KCA,OF
606,boyeb001,Boyer,Blaine,R,R,KCA,P
607,buted001,Butera,Drew,R,R,KCA,C
608,cuthc001,Cuthbert,Cheslor,R,R,KCA,3B
609,dozih001,Dozier,Hunter,R,R,KCA,OF
610,dudal001,Duda,Lucas,L,R,KCA,1B
611,duffd001,Duffy,Danny,L,L,KCA,P
612,escoa003,Escobar,Alcides,R,R,KCA,SS
613,fillh001,Fillmyer,Heath,R,R,KCA,P
614,flynb001,Flynn,Brian,L,L,KCA,P
615,gallc001,Gallagher,Cam,R,R,KCA,C
616,goinr001,Goins,Ryan,L,R,KCA,2B
617,goodb001,Goodwin,Brian,L,R,KCA,OF
618,gorda001,Gordon,Alex,L,R,KCA,OF
619,grimj002,Grimm,Justin,R,R,KCA,P
620,hammj002,Hammel,Jason,R,R,KCA,P
621,herrk001,Herrera,Kelvin,R,R,KCA,P
622,herrr002,Herrera,Rosell,B,R,KCA,SS
623,hillt002,Hill,Tim,L,L,KCA,P
624,jay-j001,Jay,Jon,L,L,KCA,OF
625,junij001,Junis,Jake,R,R,KCA,P
626,kellb003,Keller,Brad,R,R,KCA,P
627,kenni001,Kennedy,Ian,R,R,KCA,P
628,liveb001,Lively,Ben,R,R,KCA,P
629,lopej004,Lopez,Jorge,R,R,KCA,P
630,maurb001,Maurer,Brandon,R,R,KCA,P
631,mccak002,McCarthy,Kevin,R,R,KCA,P
632,merrw001,Merrifield,Whit,R,R,KCA,OF
633,mondr003,Mondesi,Adalberto,B,R,KCA,SS
634,mousm001,Moustakas,Mike,L,R,KCA,3B
635,newbj001,Newberry,Jake,R,R,KCA,P
636,oakst001,Oaks,Trevor,R,R,KCA,P
637,ohear001,O'Hearn,Ryan,L,L,KCA,1B
638,orlap001,Orlando,Paulo,R,R,KCA,OF
639,peraw001,Peralta,Wily,R,R,KCA,P 
640,peres002,Perez,Salvador,R,R,KCA,C
641,philb002,Phillips,Brett,L,R,KCA,OF
642,romee002,Romero,Enny,R,L,KCA,P
643,skoge001,Skoglund,Eric,L,L,KCA,P
644,smitb005,Smith,Burch,R,R,KCA,P
645,solej001,Soler,Jorge,R,R,KCA,OF
646,sparg001,Sparkman,Glenn,B,R,KCA,P
647,stoue001,Stout,Eric,L,L,KCA,P
648,torrr002,Torres,Ramon,B,R,KCA,SS
649,vastj001,Vasto,Jerry,L,L,KCA,P
650,vilom001,Viloria,Meibrys,L,R,KCA,C
651,alexs001,Alexander,Scott,L,L,LAN,P
652,axfoj001,Axford,John,R,R,LAN,P
653,baezp001,Baez,Pedro,R,R,LAN,P
654,barna001,Barnes,Austin,R,R,LAN,C
655,bellc002,Bellinger,Cody,L,L,LAN,1B
656,buehw001,Buehler,Walker,R,R,LAN,P
657,charj001,Chargois,J.T.,B,R,LAN,P
658,cingt001,Cingrani,Tony,L,L,LAN,P
659,corcd001,Corcino,Daniel,R,R,LAN,P
660,dozib001,Dozier,Brian,R,R,LAN,2B
661,farmk001,Farmer,Kyle,R,R,LAN,C
662,fergc001,Ferguson,Caleb,R,L,LAN,P
663,fielj002,Fields,Josh,R,R,LAN,P
664,flord002,Floro,Dylan,L,R,LAN,P
665,fontw001,Font,Wilmer,R,R,LAN,P
666,forsl001,Forsythe,Logan,R,R,LAN,2B
667,freed001,Freese,David,R,R,LAN,3B
668,galer002,Gale,Rocky,R,R,LAN,C
669,garcy001,Garcia,Yimi,R,R,LAN,P
670,goede001,Goeddel,Erik,R,R,LAN,P
671,grany001,Grandal,Yasmani,B,R,LAN,C
672,herne001,Hernandez,Enrique,R,R,LAN,OF
673,hillr001,Hill,Rich,L,L,LAN,P
674,hudsd001,Hudson,Daniel,R,R,LAN,P
675,jansk001,Jansen,Kenley,B,R,LAN,P
676,kempm001,Kemp,Matt,R,R,LAN,OF
677,kersc001,Kershaw,Clayton,L,L,LAN,P
678,libea001,Liberatore,Adam,L,L,LAN,P
679,locat001,Locastro,Tim,R,R,LAN,2B
680,madsr001,Madson,Ryan,L,R,LAN,P
681,maedk001,Maeda,Kenta,R,R,LAN,P
682,machm001,Machado,Manny,R,R,LAN,3B
683,muncm001,Muncy,Max,L,R,LAN,1B
684,nealz001,Neal,Zach,R,R,LAN,P
685,paree002,Paredes,Edward,L,L,LAN,P
686,pedej001,Pederson,Joc,L,L,LAN,OF
687,puigy001,Puig,Yasiel,R,R,LAN,OF
688,rossz001,Rosscup,Zac,R,L,LAN,P
689,ryu-h001,Ryu,Hyun-Jin,R,L,LAN,P
690,santd003,Santana,Dennis,R,R,LAN,P
691,seagc001,Seager,Corey,L,R,LAN,SS
692,stewb001,Stewart,Brock,L,R,LAN,P
693,strir001,Stripling,Ross,R,R,LAN,P
694,taylc001,Taylor,Chris,R,R,LAN,SS
695,tolea001,Toles,Andrew,L,R,LAN,OF
696,turnj001,Turner,Justin,R,R,LAN,3B
697,uriaj001,Urias,Julio,L,L,LAN,P
698,utlec001,Utley,Chase,L,R,LAN,2B
699,valeb001,Valera,Breyvic,B,R,LAN,2B
700,vendp001,Venditte,Pat,B,L,LAN,P
701,verda001,Verdugo,Alex,L,L,LAN,OF
702,wooda002,Wood,Alex,R,L,LAN,P
703,alcas001,Alcantara,Sandy,R,R,MIA,P
704,andeb006,Anderson,Brian,R,R,MIA,3B
705,barrk002,Barraclough,Kyle,R,R,MIA,P
706,bostc001,Bostick,Chris,R,R,MIA,2B
707,bourj002,Bour,Justin,L,R,MIA,1B
708,brigj002,Brigham,Jeff,R,R,MIA,P
709,brinl001,Brinson,Lewis,R,R,MIA,OF
710,casts001,Castro,Starlin,R,R,MIA,SS
711,chenw001,Chen,Wei-Yin,R,L,MIA,P
712,cloyt001,Cloyd,Tyler,R,R,MIA,P
713,conla001,Conley,Adam,L,L,MIA,P
714,coopg002,Cooper,Garrett,R,R,MIA,1B
715,deana001,Dean,Austin,R,R,MIA,OF
716,despo001,Despaigne,Odrisamer,R,R,MIA,P
717,dietd001,Dietrich,Derek,L,R,MIA,OF
718,galli001,Galloway,Isaac,R,R,MIA,OF
719,garcj006,Garcia,Jarlin,L,L,MIA,P
720,gonzm007,Gonzalez,Merandy,R,R,MIA,P
721,gravb001,Graves,Brett,R,R,MIA,P
722,guerj002,Guerra,Javy,R,R,MIA,P
723,guert001,Guerrero,Tayron,R,R,MIA,P
724,herne002,Hernandez,Elieser,R,R,MIA,P
725,holab001,Holaday,Bryan,R,R,MIA,C
726,kinlt001,Kinley,Tyler,R,R,MIA,P
727,lee-b001,Lee,Braxton,L,R,MIA,OF
728,lopep002,Lopez,Pablo,L,R,MIA,P
729,maybc001,Maybin,Cameron,R,R,MIA,OF
730,meyeb002,Meyer,Ben,B,R,MIA,P
731,obrip002,O'Brien,Peter,R,R,MIA,OF
732,ograc001,O'Grady,Chris,R,L,MIA,P
733,orter001,Ortega,Rafael,L,R,MIA,OF
734,peted001,Peters,Dillon,L,L,MIA,P
735,realj001,Realmuto,J.T.,R,R,MIA,C
736,pradm001,Prado,Martin,R,R,MIA,3B
737,richt001,Richards,Trevor,R,R,MIA,P
738,riddj001,Riddle,J.T.,L,R,MIA,SS
739,rivey001,Rivera,Yadiel,R,R,MIA,2B
740,rojam002,Rojas,Miguel,R,R,MIA,SS
741,rucid001,Rucinski,Drew,R,R,MIA,P
742,shucj001,Shuck,J.B.,L,L,MIA,OF
743,sierm002,Sierra,Magneuris,L,L,MIA,OF
744,smitc006,Smith,Caleb,R,L,MIA,P
745,stecd001,Steckenrider,Drew,R,R,MIA,P
746,strad003,Straily,Dan,R,R,MIA,P
747,tazaj001,Tazawa,Junichi,R,R,MIA,P
748,telit001,Telis,Tomas,B,R,MIA,C
749,turnj002,Turner,Jacob,R,R,MIA,P
750,urenj001,Urena,Jose,R,R,MIA,P
751,wallc001,Wallach,Chad,R,R,MIA,C
752,wittn001,Wittgren,Nick,R,R,MIA,P
753,ziegb001,Ziegler,Brad,R,R,MIA,P
754,aguij001,Aguilar,Jesus,R,R,MIL,1B
755,albem001,Albers,Matt,L,R,MIL,P
756,andec001,Anderson,Chase,R,R,MIL,P
757,arcio002,Arcia,Orlando,R,R,MIL,SS
758,ashea001,Asher,Alec,R,R,MIL,P
759,bandj001,Bandy,Jett,R,R,MIL,C
760,barnj002,Barnes,Jacob,R,R,MIL,P
761,braur002,Braun,Ryan,R,R,MIL,OF
762,broxk001,Broxton,Keon,R,R,MIL,OF
763,burnc002,Burnes,Corbin,R,R,MIL,P
764,cainl001,Cain,Lorenzo,R,R,MIL,OF
765,cedex001,Cedeno,Xavier,L,L,MIL,P
766,chacj001,Chacin,Jhoulys,R,R,MIL,P
767,choij001,Choi,Ji-Man,L,R,MIL,OF
768,daviz001,Davies,Zach,R,R,MIL,P
769,drako001,Drake,Oliver,R,R,MIL,P
770,frann001,Franklin,Nick,B,R,MIL,2B
771,gonzg003,Gonzalez,Gio,R,L,MIL,P
772,granc001,Granderson,Curtis,L,R,MIL,OF
773,guerj003,Guerra,Junior,R,R,MIL,P
774,hadej001,Hader,Josh,L,L,MIL,P
775,hoovj002,Hoover,J.J.,R,R,MIL,P
776,housa001,Houser,Adrian,R,R,MIL,P
777,jeffj001,Jeffress,Jeremy,R,R,MIL,P
778,jennd003,Jennings,Dan,L,L,MIL,P
779,knebc001,Knebel,Corey,R,R,MIL,P
780,krate001,Kratz,Erik,R,R,MIL,C
781,logab001,Logan,Boone,R,L,MIL,P
782,lopej004,Lopez,Jorge,R,R,MIL,P
783,lylej001,Lyles,Jordan,R,R,MIL,P
784,milew001,Miley,Wade,L,L,MIL,P
785,millb002,Miller,Brad,L,R,MIL,SS
786,mousm001,Moustakas,Mike,L,R,MIL,3B
787,nottj001,Nottingham,Jacob,R,R,MIL,C
788,orf-n001,Orf,Nate,R,R,MIL,2B
789,peraf001,Peralta,Freddy,R,R,MIL,P
790,pereh001,Perez,Hernan,R,R,MIL,3B
791,philb002,Phillips,Brett,L,R,MIL,OF
792,pinam001,Pina,Manny,R,R,MIL,C
793,salat001,Saladino,Tyler,R,R,MIL,3B
794,santd002,Santana,Domingo,R,R,MIL,OF
795,schoj001,Schoop,Jonathan,R,R,MIL,2B
796,shawt001,Shaw,Travis,L,R,MIL,1B
797,sogae001,Sogard,Eric,L,R,MIL,2B
798,sorij001,Soria,Joakim,R,R,MIL,P
799,suteb001,Suter,Brent,L,L,MIL,P
800,thame001,Thames,Eric,L,R,MIL,OF
801,villj001,Villar,Jonathan,B,R,MIL,SS
802,wilka003,Wilkerson,Aaron,R,R,MIL,P
803,willt003,Williams,Taylor,B,R,MIL,P
804,woodb005,Woodruff,Brandon,L,R,MIL,P
805,yelic001,Yelich,Christian,L,R,MIL,OF
806,zagum001,Zagurski,Mike,L,L,NYA,P
807,adrie001,Adrianza,Ehire,B,R,MIN,2B
808,astuw001,Astudillo,Willians,R,R,MIN,C
809,austt001,Austin,Tyler,R,R,MIN,OF
810,belim001,Belisle,Matt,R,R,MIN,P
811,berrj001,Berrios,Jose,R,R,MIN,P
812,busea001,Busenitz,Alan,R,R,MIN,P
813,buxtb001,Buxton,Byron,R,R,MIN,OF
814,castj006,Castro,Jason,L,R,MIN,C
815,cavej001,Cave,Jake,L,L,MIN,OF
816,curtj003,Curtiss,John,R,R,MIN,P
817,dejoc001,De Jong,Chase,L,R,MIN,P
818,dozib001,Dozier,Brian,R,R,MIN,2B
819,drako001,Drake,Oliver,R,R,MIN,P
820,dufft001,Duffey,Tyler,R,R,MIN,P
821,dukez001,Duke,Zach,L,L,MIN,P
822,escoe001,Escobar,Eduardo,B,R,MIN,SS
823,fielj003,Field,Johnny,R,R,MIN,OF
824,forsl001,Forsythe,Logan,R,R,MIN,2B
825,garvm001,Garver,Mitch,R,R,MIN,C
826,gibsk002,Gibson,Kyle,R,R,MIN,P
827,gimec001,Gimenez,Chris,R,R,MIN,C
828,gonss001,Gonsalves,Stephen,L,L,MIN,P
829,gratj001,Graterol,Juan,R,R,MIN,C
830,grosr001,Grossman,Robbie,B,L,MIN,OF
831,haled001,Hale,David,R,R,MIN,P
832,hildt001,Hildenberger,Trevor,R,R,MIN,P
833,hughp001,Hughes,Phil,R,R,MIN,P
834,keplm001,Kepler,Max,L,L,MIN,OF
835,kinlt001,Kinley,Tyler,R,R,MIN,P
836,littz001,Littell,Zack,R,R,MIN,P
837,lynnl001,Lynn,Lance,R,R,MIN,P
838,lamar001,LaMarre,Ryan,R,L,MIN,OF
839,magim001,Magill,Matt,R,R,MIN,P
840,mauej001,Mauer,Joe,L,R,MIN,1B
841,may-t001,May,Trevor,R,R,MIN,P
842,mejia001,Mejia,Adalberto,R,L,MIN,P
843,morrl001,Morrison,Logan,L,L,MIN,1B
844,mottt001,Motter,Taylor,R,R,MIN,OF
845,moyag001,Moya,Gabriel,L,L,MIN,P
846,odorj001,Odorizzi,Jake,R,R,MIN,P
847,petig001,Petit,Gregorio,R,R,MIN,2B
848,polaj001,Polanco,Jorge,B,R,MIN,SS
849,presr001,Pressly,Ryan,R,R,MIN,P
850,reeda001,Reed,Addison,L,R,MIN,P
851,rodnf001,Rodney,Fernando,R,R,MIN,P
852,roget001,Rogers,Taylor,L,L,MIN,P
853,romef001,Romero,Fernando,R,R,MIN,P
854,rosae001,Rosario,Eddie,L,R,MIN,OF
855,sanom001,Sano,Miguel,R,R,MIN,DH
856,sante001,Santana,Ervin,R,R,MIN,P
857,slega001,Slegers,Aaron,R,R,MIN,P
858,stewk001,Stewart,Kohl,R,R,MIN,P
859,vasqa002,Vasquez,Andrew,L,L,MIN,P
860,wilsb002,Wilson,Bobby,R,R,MIN,C
861,adamc002,Adams,Chance,R,R,NYA,P
862,andum001,Andujar,Miguel,R,R,NYA,3B
863,austt001,Austin,Tyler,R,R,NYA,OF
864,betad001,Betances,Dellin,R,R,NYA,P
865,birdg001,Bird,Greg,L,R,NYA,1B
866,britz001,Britton,Zach,L,L,NYA,P
867,cessl001,Cessa,Luis,R,R,NYA,P
868,chapa001,Chapman,Aroldis,L,L,NYA,P
869,colea002,Cole,A.J.,R,R,NYA,P
870,drurb001,Drury,Brandon,R,R,NYA,3B
871,frazc001,Frazier,Clint,R,R,NYA,OF
872,gallg001,Gallegos,Giovanny,R,R,NYA,P
873,gardb001,Gardner,Brett,L,L,NYA,OF
874,germd001,German,Domingo,R,R,NYA,P
875,grays001,Gray,Sonny,R,R,NYA,P
876,greec003,Green,Chad,L,R,NYA,P
877,gregd001,Gregorius,Didi,L,R,NYA,SS
878,haled001,Hale,David,R,R,NYA,P
879,happj001,Happ,J.A.,L,L,NYA,P
880,hecha001,Hechavarria,Adeiny,R,R,NYA,SS
881,hicka001,Hicks,Aaron,B,R,NYA,OF
882,higak001,Higashioka,Kyle,R,R,NYA,C
883,holdj002,Holder,Jonathan,R,R,NYA,P
884,judga001,Judge,Aaron,R,R,NYA,OF
885,kahnt001,Kahnle,Tommy,R,R,NYA,P
886,kontg001,Kontos,George,R,R,NYA,P
887,loaij001,Loaisiga,Jonathan,R,R,NYA,P
888,lynnl001,Lynn,Lance,R,R,NYA,P
889,mccua001,McCutchen,Andrew,R,R,NYA,OF
890,mckib001,McKinney,Billy,L,L,NYA,OF
891,montj004,Montgomery,Jordan,L,L,NYA,P
892,petej002,Peterson,Jace,L,R,NYA,2B
893,robed002,Robertson,David,R,R,NYA,P
894,robis001,Robinson,Shane,R,R,NYA,OF
895,romia002,Romine,Austin,R,R,NYA,C
896,sabac001,Sabathia,CC,L,L,NYA,P
897,sancg002,Sanchez,Gary,R,R,NYA,C
898,sevel001,Severino,Luis,R,R,NYA,P
899,shefj001,Sheffield,Justus,L,L,NYA,P
900,shrec001,Shreve,Chasen,L,L,NYA,P
901,stanm004,Stanton,Giancarlo,R,R,NYA,OF
902,tanam001,Tanaka,Masahiro,R,R,NYA,P
903,tarps001,Tarpley,Stephen,R,L,NYA,P
904,torrg001,Torres,Gleyber,R,R,NYA,2B
905,torrr001,Torreyes,Ronald,R,R,NYA,2B
906,voitl001,Voit,Luke,R,R,NYA,1B
907,wadet002,Wade,Tyler,L,R,NYA,P
908,walkn001,Walker,Neil,B,R,NYA,2B
909,warra001,Warren,Adam,R,R,NYA,P
910,basht001,Bashlor,Tyler,R,R,NYN,P
911,baumb001,Baumann,Buddy,L,L,NYN,P
912,bautg001,Bautista,Gerson,R,R,NYN,P
913,bautj002,Bautista,Jose,R,R,NYN,OF
914,beckc002,Beck,Chris,R,R,NYN,P
915,blevj001,Blevins,Jerry,L,L,NYN,P
916,brucj001,Bruce,Jay,L,L,NYN,OF
917,cabra002,Cabrera,Asdrubal,B,R,NYN,SS
918,cespy001,Cespedes,Yoenis,R,R,NYN,OF
919,confm001,Conforto,Michael,L,R,NYN,OF
920,conlp001,Conlon,P.J.,L,L,NYN,P
921,copes001,Copeland,Scott,R,R,NYN,P
922,darnt001,d'Arnaud,Travis,R,R,NYN,C
923,degrj001,deGrom,Jacob,L,R,NYN,P 
924,dendm001,den Dekker,Matt,L,L,NYN,OF
925,evanp001,Evans,Phillip,R,R,NYN,3B
926,famij001,Familia,Jeurys,R,R,NYN,P
927,flexc001,Flexen,Chris,R,R,NYN,P
928,florw001,Flores,Wilmer,R,R,NYN,SS
929,frazt001,Frazier,Todd,R,R,NYN,3B
930,gagnd001,Gagnon,Drew,R,R,NYN,P
931,gonza003,Gonzalez,Adrian,L,L,NYN,1B
932,gselr001,Gsellman,Robert,R,R,NYN,P
933,guill001,Guillorme,Luis,L,R,NYN,SS
934,hanhe001,Hanhold,Eric,R,R,NYN,P
935,harvm001,Harvey,Matt,R,R,NYN,P
936,jacka001,Jackson,Austin,R,R,NYN,OF
937,kaczk001,Kaczmarski,Kevin,L,R,NYN,OF
938,kellt001,Kelly,Ty,B,R,NYN,2B
939,lagaj001,Lagares,Juan,R,R,NYN,OF
940,lobaj001,Lobaton,Jose,B,R,NYN,C
941,lugos001,Lugo,Seth,R,R,NYN,P
942,matzs001,Matz,Steven,R,L,NYN,P
943,mcnej002,McNeil,Jeff,L,R,NYN,2B
944,mesod001,Mesoraco,Devin,R,R,NYN,C
945,nidot001,Nido,Tomas,R,R,NYN,C
946,nimmb001,Nimmo,Brandon,L,R,NYN,OF
947,oswac001,Oswalt,Corey,R,R,NYN,P
948,petet001,Peterson,Tim,R,R,NYN,P
949,plawk001,Plawecki,Kevin,R,R,NYN,C
950,ramoa001,Ramos,A.J.,R,R,NYN,P
951,reinj001,Reinheimer,Jack,R,R,NYN,SS
952,reyej001,Reyes,Jose,B,R,NYN,SS
953,rhamj001,Rhame,Jacob,R,R,NYN,P
954,roblh001,Robles,Hansel,R,R,NYN,P
955,rosaa003,Rosario,Amed,R,R,NYN,SS
956,sewap001,Sewald,Paul,R,R,NYN,P
957,smitd008,Smith,Dominic,L,L,NYN,1B
958,smitd009,Smith,Drew,R,R,NYN,P
959,swara001,Swarzak,Anthony,R,R,NYN,P
960,syndn001,Syndergaard,Noah,L,R,NYN,P
961,vargj001,Vargas,Jason,L,L,NYN,P
962,wahlb001,Wahl,Bobby,R,R,OAK,P
963,wheez001,Wheeler,Zack,L,R,NYN,P
964,wrigd002,Wright,David,R,R,NYN,3B
965,zamod001,Zamora,Daniel,L,L,NYN,P
966,andeb004,Anderson,Brett,L,L,OAK,P
967,barrf001,Barreto,Franklin,R,R,OAK,SS
968,bassc001,Bassitt,Chris,R,R,OAK,P
969,blacp001,Blackburn,Paul,R,R,OAK,P
970,bleij001,Bleich,Jeremy,L,L,OAK,P
971,brooa001,Brooks,Aaron,R,R,OAK,P
972,buchr001,Buchter,Ryan,L,L,OAK,P
973,cahit001,Cahill,Trevor,R,R,OAK,P
974,canhm001,Canha,Mark,R,R,OAK,1B
975,chapm001,Chapman,Matt,R,R,OAK,3B
976,could001,Coulombe,Daniel,L,L,OAK,P
977,davik003,Davis,Khris,R,R,OAK,OF
978,dullr001,Dull,Ryan,R,R,OAK,P
979,famij001,Familia,Jeurys,R,R,OAK,P
980,fierm001,Fiers,Michael,R,R,OAK,P
981,fontw001,Font,Wilmer,R,R,OAK,P
982,fowld002,Fowler,Dustin,L,L,OAK,OF
983,garcj002,Casilla,Santiago,R,R,OAK,P
984,gearc001,Gearrin,Cory,R,R,OAK,P
985,gossd001,Gossett,Daniel,R,R,OAK,P
986,gravk001,Graveman,Kendall,R,R,OAK,P
987,hatcc002,Hatcher,Chris,B,R,OAK,P
988,hendl001,Hendriks,Liam,R,R,OAK,P
989,jacke001,Jackson,Edwin,R,R,OAK,P
990,joycm001,Joyce,Matt,L,R,OAK,OF
991,kells001,Kelley,Shawn,R,R,OAK,P
992,kiekd001,Kiekhefer,Dean,L,L,OAK,P
993,laurr001,Laureano,Ramon,R,R,OAK,OF
994,lowrj001,Lowrie,Jed,B,R,OAK,3B
995,lucaj001,Lucas,Josh,R,R,OAK,P
996,lucrj001,Lucroy,Jonathan,R,R,OAK,C
997,manas001,Manaea,Sean,R,L,OAK,P
998,martn003,Martini,Nick,L,L,OAK,OF
999,maxwb001,Maxwell,Bruce,L,R,OAK,C
1000,mengd001,Mengden,Daniel,R,R,OAK,P
1001,montf001,Montas,Frankie,R,R,OAK,P
1002,olsom001,Olson,Matt,L,R,OAK,OF
1003,pagae001,Pagan,Emilio,L,R,OAK,P
1004,petiy001,Petit,Yusmeiro,R,R,OAK,P
1005,phegj001,Phegley,Josh,R,R,OAK,C
1006,pindc001,Pinder,Chad,R,R,OAK,SS
1007,piscs001,Piscotty,Stephen,R,R,OAK,OF
1008,poweb002,Powell,Boog,L,L,OAK,OF
1009,ramic001,Ramirez,Carlos,R,R,OAK,P
1010,rodnf001,Rodney,Fernando,R,R,OAK,P
1011,semim001,Semien,Marcus,R,R,OAK,SS
1012,smolj002,Smolinski,Jake,R,R,OAK,OF
1013,taylb003,Taylor,Beau,L,R,OAK,C
1014,thomt002,Thompson,Trayce,R,R,OAK,OF
1015,treib001,Treinen,Blake,R,R,OAK,P
1016,triga001,Triggs,Andrew,R,R,OAK,P
1017,trivl001,Trivino,Lou,R,R,OAK,P
1018,wendj001,Wendelken,J.B.,R,R,OAK,P
1019,alfaj002,Alfaro,Jorge,R,R,PHI,C
1020,altha001,Altherr,Aaron,R,R,PHI,OF
1021,anded003,Anderson,Drew,R,R,PHI,P
1022,aranv001,Arano,Victor,R,R,PHI,P
1023,arrij001,Arrieta,Jake,R,R,PHI,P
1024,avill001,Avilan,Luis,L,L,PHI,P
1025,bautj002,Bautista,Jose,R,R,PHI,OF
1026,bourj002,Bour,Justin,L,R,PHI,1B
1027,cabra002,Cabrera,Asdrubal,B,R,PHI,SS
1028,cozed001,Cozens,Dylan,L,L,PHI,OF
1029,crawj002,Crawford,J.P.,L,R,PHI,SS
1030,curtz001,Curtis,Zac,L,L,PHI,P
1031,davia003,Davis,Austin,L,L,PHI,P
1032,deloe001,De Los Santos,Enyel,R,R,PHI,P
1033,domis001,Dominguez,Seranthony,R,R,PHI,P
1034,efliz001,Eflin,Zach,R,R,PHI,P
1035,eickj001,Eickhoff,Jerad,R,R,PHI,P
1036,florp001,Florimon,Pedro,B,R,PHI,SS
1037,franm004,Franco,Maikel,R,R,PHI,3B
1038,garcl005,Garcia,Luis,R,R,PHI,P 
1039,hernc005,Hernandez,Cesar,B,R,PHI,2B
1040,herro001,Herrera,Odubel,L,R,PHI,OF
1041,hoskr001,Hoskins,Rhys,R,R,PHI,1B
1042,huntt002,Hunter,Tommy,R,R,PHI,P
1043,hutcd001,Hutchison,Drew,L,R,PHI,P
1044,kings001,Kingery,Scott,R,R,PHI,2B
1045,knapa001,Knapp,Andrew,B,R,PHI,C
1046,leitm002,Leiter,Mark,R,R,PHI,P
1047,liveb001,Lively,Ben,R,R,PHI,P
1048,loupa001,Loup,Aaron,L,L,PHI,P
1049,milnh001,Milner,Hoby,L,L,PHI,P
1050,morga001,Morgan,Adam,L,L,PHI,P
1051,nerih001,Neris,Hector,R,R,PHI,P
1052,neshp001,Neshek,Pat,B,R,PHI,P
1053,nolaa001,Nola,Aaron,R,R,PHI,P
1054,piven001,Pivetta,Nick,R,R,PHI,P
1055,plout001,Plouffe,Trevor,R,R,PHI,3B
1056,quinr003,Quinn,Roman,B,R,PHI,OF
1057,ramoe002,Ramos,Edubray,R,R,PHI,P
1058,ramow001,Ramos,Wilson,R,R,PHI,C
1059,riosy001,Rios,Yacksel,R,R,PHI,P
1060,santc002,Santana,Carlos,B,R,PHI,1B
1061,suarr001,Suarez,Ranger,L,L,PHI,P
1062,thomj007,Thompson,Jake,R,R,PHI,P
1063,valej006,Valentin,Jesmuel,B,R,PHI,2B
1064,velav001,Velasquez,Vincent,R,R,PHI,P
1065,waldm001,Walding,Mitch,L,R,PHI,3B
1066,willn001,Williams,Nick,L,L,PHI,OF
1067,andet003,Anderson,Tanner,R,R,PIT,P
1068,archc001,Archer,Chris,R,R,PIT,P
1069,bellj005,Bell,Josh,B,R,PIT,1B
1070,bostc001,Bostick,Chris,R,R,PIT,2B
1071,braus002,Brault,Steven,L,L,PIT,P
1072,burdn001,Burdi,Nick,R,R,PIT,P
1073,cervf001,Cervelli,Francisco,R,R,PIT,C
1074,crick001,Crick,Kyle,L,R,PIT,P
1075,diaze005,Diaz,Elias,R,R,PIT,C
1076,dickc002,Dickerson,Corey,L,R,PIT,OF
1077,felim001,Feliz,Michael,R,R,PIT,P
1078,fraza001,Frazier,Adam,L,R,PIT,OF
1079,freed001,Freese,David,R,R,PIT,3B
1080,glast001,Glasnow,Tyler,L,R,PIT,P
1081,harrj002,Harrison,Josh,R,R,PIT,3B
1082,hecha001,Hechavarria,Adeiny,R,R,PIT,SS
1083,holmc001,Holmes,Clay,R,R,PIT,P
1084,kangj001,Kang,Jung Ho,R,R,PIT,3B
1085,kelak001,Kela,Keone,R,R,PIT,P
1086,kingn001,Kingham,Nick,R,R,PIT,P
1087,kontg001,Kontos,George,R,R,PIT,P
1088,kramk001,Kramer,Kevin,L,R,PIT,2B
1089,kuhlc001,Kuhl,Chad,R,R,PIT,P
1090,lavar001,Lavarnway,Ryan,R,R,PIT,C
1091,luplj001,Luplow,Jordan,R,R,PIT,OF
1092,marts002,Marte,Starling,R,R,PIT,OF
1093,mcraa001,McRae,Alex,R,R,PIT,P
1094,meada001,Meadows,Austin,L,L,PIT,OF
1095,mercj002,Mercer,Jordy,R,R,PIT,SS
1096,morac001,Moran,Colin,L,R,PIT,3B
1097,morom001,Moroff,Max,B,R,PIT,2B
1098,musgj001,Musgrove,Joe,R,R,PIT,P
1099,neved001,Neverauskas,Dovydas,R,R,PIT,P
1100,newmk001,Newman,Kevin,R,R,PIT,2B
1101,novai001,Nova,Ivan,R,R,PIT,P
1102,osunj001,Osuna,Jose,R,R,PIT,OF
1103,polag001,Polanco,Gregory,L,L,PIT,OF
1104,reyep001,Reyes,Pablo,R,R,PIT,OF
1105,rivef001,Rivero,Felipe,L,L,PIT,P
1106,rodrr008,Rodriguez,Richard,R,R,PIT,P
1107,rodrs002,Rodriguez,Sean,R,R,PIT,1B
1108,romee002,Romero,Enny,R,L,PIT,P
1109,sadlc002,Sadler,Casey,R,R,PIT,P
1110,sante002,Santana,Edgar,R,R,PIT,P
1111,smokj001,Smoker,Josh,L,L,PIT,P
1112,stalj001,Stallings,Jacob,R,R,PIT,C
1113,tailj001,Taillon,Jameson,R,R,PIT,P
1114,willt002,Williams,Trevor,R,R,PIT,P
1115,asuac001,Asuaje,Carlos,L,R,SDN,2B
1116,baumb001,Baumann,Buddy,L,L,SDN,P
1117,brewc002,Brewer,Colten,R,R,SDN,P
1118,castj007,Castillo,Jose,L,L,SDN,P
1119,cimba001,Cimber,Adam,R,R,SDN,P
1120,cordf003,Cordero,Franchy,L,R,SDN,OF
1121,diazm004,Diaz,Miguel,R,R,SDN,P
1122,ellia001,Ellis,A.J.,R,R,SDN,C
1123,erlir001,Erlin,Robbie,R,L,SDN,P
1124,galvf001,Galvis,Freddy,B,R,SDN,SS
1125,guerj004,Guerra,Javy,L,R,SDN,SS
1126,handb001,Hand,Brad,L,L,SDN,P
1127,headc001,Headley,Chase,B,R,SDN,3B
1128,hedga001,Hedges,Austin,R,R,SDN,C
1129,hosme001,Hosmer,Eric,L,L,SDN,1B
1130,hughp001,Hughes,Phil,R,R,SDN,P
1131,jankt001,Jankowski,Travis,L,R,SDN,OF
1132,kennb001,Kennedy,Brett,R,R,SDN,P
1133,lauee001,Lauer,Eric,R,L,SDN,P
1134,lockw001,Lockett,Walker,R,R,SDN,P
1135,loper002,Lopez,Rafael,L,R,SDN,C
1136,luccj001,Lucchesi,Joey,L,L,SDN,P
1137,lylej001,Lyles,Jordan,R,R,SDN,P
1138,makik001,Makita,Kazuhisa,R,R,SDN,P
1139,margm001,Margot,Manuel,R,R,SDN,OF
1140,matop002,Maton,Phil,R,R,SDN,P
1141,mcgrk001,McGrath,Kyle,L,L,SDN,P
1142,mejif001,Mejia,Francisco,B,R,SDN,C
1143,mitcb001,Mitchell,Bryan,L,R,SDN,P
1144,myerw001,Myers,Wil,R,R,SDN,OF
1145,nix-j002,Nix,Jacob,R,R,SDN,P
1146,perdl002,Perdomo,Luis,R,R,SDN,P
1147,pirej001,Pirela,Jose,R,R,SDN,OF
1148,renfh001,Renfroe,Hunter,R,R,SDN,OF
1149,reyef001,Reyes,Franmil,R,R,SDN,OF
1150,richc002,Richard,Clayton,L,L,SDN,P
1151,rosst001,Ross,Tyson,R,R,SDN,P
1152,spanc001,Spangenberg,Cory,L,R,SDN,2B
1153,stamc001,Stammen,Craig,R,R,SDN,P 
1154,stocr001,Stock,Robert,L,R,SDN,P
1155,stram001,Strahm,Matt,R,L,SDN,P
1156,szczm001,Szczur,Matt,R,R,SDN,OF
1157,urial001,Urias,Luis,R,R,SDN,2B
1158,villc002,Villanueva,Christian,R,R,SDN,3B
1159,webbt001,Webb,Tyler,R,L,SDN,P
1160,wickr001,Wick,Rowan,L,R,SDN,P
1161,wiecb001,Wieck,Brad,L,L,SDN,P
1162,wingt001,Wingenter,Trey,R,R,SDN,P
1163,yatek001,Yates,Kirby,L,R,SDN,P
1164,altad001,Altavilla,Dan,R,R,SEA,P
1165,andrj001,Andreoli,John,R,R,SEA,P
1166,armss001,Armstrong,Shawn,R,R,SEA,P
1167,beckg001,Beckham,Gordon,R,R,SEA,3B
1168,bergc001,Bergman,Christian,R,R,SEA,P
1169,bradc002,Bradford,Chasen,R,R,SEA,P
1170,canor001,Cano,Robinson,L,R,SEA,2B
1171,coloa001,Colome,Alex,R,R,SEA,P
1172,cookr001,Cook,Ryan,R,R,SEA,P
1173,cruzn002,Cruz,Nelson,R,R,SEA,OF
1174,detwr001,Detwiler,Ross,R,L,SEA,P
1175,diaze006,Diaz,Edwin,R,R,SEA,P
1176,dukez001,Duke,Zach,L,L,SEA,P
1177,eliar001,Elias,Roenis,L,L,SEA,P
1178,festm001,Festa,Matt,R,R,SEA,P
1179,freid001,Freitas,David,R,R,SEA,C
1180,gameb001,Gamel,Ben,L,L,SEA,OF
1181,gonzm005,Gonzales,Marco,L,L,SEA,P
1182,goede001,Goeddel,Erik,R,R,SEA,P
1183,gordd002,Gordon,Dee,L,R,SEA,2B
1184,grimj002,Grimm,Justin,R,R,SEA,P
1185,hanim001,Haniger,Mitch,R,R,SEA,OF
1186,healr001,Healy,Ryon,R,R,SEA,3B
1187,hereg002,Heredia,Guillermo,R,L,SEA,OF
1188,hernf002,Hernandez,Felix,R,R,SEA,P
1189,herrc001,Herrmann,Chris,L,R,SEA,C
1190,lawrc001,Lawrence,Casey,R,R,SEA,P
1191,leblw001,LeBlanc,Wade,L,L,SEA,P
1192,leakm001,Leake,Mike,R,R,SEA,P
1193,marjm001,Marjama,Mike,R,R,SEA,C
1194,maybc001,Maybin,Cameron,R,R,SEA,OF
1195,miraa002,Miranda,Ariel,L,L,SEA,P
1196,morim002,Morin,Mike,R,R,SEA,P
1197,mottt001,Motter,Taylor,R,R,SEA,OF
1198,negrk001,Negron,Kristopher,R,R,SEA,OF
1199,nicaj001,Nicasio,Juan,R,R,SEA,P
1200,paxtj001,Paxton,James,L,L,SEA,P
1201,pazoj001,Pazos,James,R,L,SEA,P
1202,ramie004,Ramirez,Erasmo,R,R,SEA,P
1203,romia001,Romine,Andrew,B,R,SEA,3B
1204,rumbn001,Rumbelow,Nick,R,R,SEA,P
1205,rzepm001,Rzepczynski,Marc,L,L,SEA,P
1206,seagk001,Seager,Kyle,L,R,SEA,3B
1207,seguj002,Segura,Jean,R,R,SEA,SS
1208,spand001,Span,Denard,L,L,SEA,OF
1209,suzui001,Suzuki,Ichiro,L,R,SEA,OF
1210,tuivs001,Tuivailala,Sam,R,R,SEA,P
1211,vincn001,Vincent,Nick,R,R,SEA,P
1212,vincz001,Vincej,Zach,R,R,SEA,SS
1213,voged001,Vogelbach,Daniel,L,R,SEA,1B
1214,warra001,Warren,Adam,R,R,SEA,P
1215,whalr001,Whalen,Rob,R,R,SEA,P
1216,zunim001,Zunino,Mike,R,R,SEA,C
1217,avela001,Avelino,Abiatal,R,R,SFN,SS
1218,beedt001,Beede,Tyler,R,R,SFN,P
1219,beltb001,Belt,Brandon,L,L,SFN,1B
1220,blact002,Blach,Ty,R,L,SFN,P
1221,blacr001,Black,Ray,R,R,SFN,P
1222,blang001,Blanco,Gregor,L,L,SFN,OF
1223,bumgm001,Bumgarner,Madison,R,L,SFN,P
1224,crawb001,Crawford,Brandon,L,R,SFN,SS
1225,cuetj001,Cueto,Johnny,R,R,SFN,P
1226,darnc001,d'Arnaud,Chase,R,R,SFN,SS
1227,duggs001,Duggar,Steven,L,R,SFN,OF
1228,dysos001,Dyson,Sam,R,R,SFN,P
1229,garca006,Garcia,Aramis,R,R,SFN,C
1230,gearc001,Gearrin,Cory,R,R,SFN,P
1231,gomem002,Gomez,Miguel,B,R,SFN,3B
1232,gomer002,Gomez,Roberto,B,R,SFN,P
1233,hansa001,Hanson,Alen,B,R,SFN,SS
1234,hundn001,Hundley,Nick,R,R,SFN,C
1235,herng001,Hernandez,Gorkys,R,R,SFN,OF
1236,holld003,Holland,Derek,B,L,SFN,P
1237,jacka001,Jackson,Austin,R,R,SFN,OF
1238,johnp001,Johnson,Pierce,R,R,SFN,P
1239,joner005,Jones,Ryder,L,R,SFN,3B
1240,kellc001,Kelly,Casey,R,R,SFN,P
1241,law-d001,Law,Derek,R,R,SFN,P
1242,longe001,Longoria,Evan,R,R,SFN,3B
1243,mccua001,McCutchen,Andrew,R,R,SFN,OF
1244,melam001,Melancon,Mark,R,R,SFN,P
1245,moror001,Moronta,Reyes,R,R,SFN,P
1246,okers001,Okert,Steven,L,L,SFN,P
1247,osicj001,Osich,Josh,L,L,SFN,P
1248,panij002,Panik,Joe,L,R,SFN,2B
1249,pench001,Pence,Hunter,R,R,SFN,OF
1250,poseb001,Posey,Buster,R,R,SFN,C
1251,rodrd001,Rodriguez,Dereck,R,R,SFN,P
1252,samaj001,Samardzija,Jeff,R,R,SFN,P
1253,sandp001,Sandoval,Pablo,B,R,SFN,3B
1254,shawc001,Shaw,Chris,L,R,SFN,OF
1255,slata001,Slater,Austin,R,R,SFN,OF
1256,smitw002,Smith,Will,R,L,SFN,P
1257,sneld001,Snelten,D.J.,L,L,SFN,P
1258,strac001,Stratton,Chris,R,R,SFN,P
1259,strih001,Strickland,Hunter,R,R,SFN,P
1260,suara002,Suarez,Andrew,L,L,SFN,P
1261,tomlk001,Tomlinson,Kelby,R,R,SFN,2B
1262,valdj003,Valdez,Jose,R,R,SFN,P
1263,watst001,Watson,Tony,L,L,SFN,P
1264,willm008,Williamson,Mac,R,R,SFN,OF
1265,adamm002,Adams,Matt,L,R,SLN,1B
1266,badeh001,Bader,Harrison,R,R,SLN,OF
1267,baros002,Baron,Steve,R,R,SLN,C
1268,bowmm001,Bowman,Matt,R,R,SLN,P
1269,brebj001,Brebbia,John,L,R,SLN,P
1270,carpm002,Carpenter,Matt,L,R,SLN,3B
1271,cecib001,Cecil,Brett,R,L,SLN,P 
1272,dejop001,DeJong,Paul,R,R,SLN,3B
1273,flahj002,Flaherty,Jack,R,R,SLN,P
1274,fowld001,Fowler,Dexter,B,R,SLN,OF
1275,gallg001,Gallegos,Giovanny,R,R,SLN,P
1276,gantj002,Gant,John,R,R,SLN,P
1277,garca005,Garcia,Adolis,R,R,SLN,OF
1278,garcg002,Garcia,Greg,L,R,SLN,SS
1279,gomba001,Gomber,Austin,L,L,SLN,P
1280,gregl001,Gregerson,Luke,L,R,SLN,P
1281,guilp001,Guilmet,Preston,R,R,SLN,P
1282,gyorj001,Gyorko,Jedd,R,R,SLN,2B
1283,hickj002,Hicks,Jordan,R,R,SLN,P
1284,hollg001,Holland,Greg,R,R,SLN,P
1285,hudsd002,Hudson,Dakota,R,R,SLN,P
1286,kellc002,Kelly,Carson,R,R,SLN,C
1287,leond003,Leone,Dominic,R,R,SLN,P
1288,lyont001,Lyons,Tyler,B,L,SLN,P
1289,martc006,Martinez,Carlos,R,R,SLN,P
1290,martj008,Martinez,Jose,R,R,SLN,OF
1291,mayem001,Mayers,Mike,R,R,SLN,P
1292,mikom001,Mikolas,Miles,R,R,SLN,P
1293,moliy001,Molina,Yadier,R,R,SLN,C
1294,munoy001,Munoz,Yairo,R,R,SLN,SS
1295,norrb001,Norris,Bud,R,R,SLN,P
1296,oneit001,O'Neill,Tyler,R,R,SLN,OF
1297,ozunm001,Ozuna,Marcell,R,R,SLN,OF
1298,penaf001,Pena,Francisco,R,R,SLN,C
1299,phamt001,Pham,Tommy,R,R,SLN,OF
1300,poncd001,Poncedeleon,Daniel,R,R,SLN,P
1301,reyea004,Reyes,Alex,R,R,SLN,P
1302,rosst001,Ross,Tyson,R,R,SLN,P
1303,sherr001,Sherriff,Ryan,L,L,SLN,P
1304,shrec001,Shreve,Chasen,L,L,SLN,P
1305,sosae001,Sosa,Edmundo,R,R,SLN,SS
1306,tuivs001,Tuivailala,Sam,R,R,SLN,P
1307,voitl001,Voit,Luke,R,R,SLN,1B
1308,wachm001,Wacha,Michael,R,R,SLN,P
1309,waina001,Wainwright,Adam,R,R,SLN,P 
1310,weavl001,Weaver,Luke,R,R,SLN,P
1311,webbt001,Webb,Tyler,R,L,SLN,P
1312,wisdp001,Wisdom,Patrick,R,R,SLN,3B
1313,wongk001,Wong,Kolten,L,R,SLN,2B
1314,adamw002,Adames,Willy,R,R,TBA,SS
1315,alvaj004,Alvarado,Jose,L,L,TBA,P
1316,andrm001,Andriese,Matt,R,R,TBA,P
1317,archc001,Archer,Chris,R,R,TBA,P
1318,arroc001,Arroyo,Christian,R,R,TBA,3B
1319,banda001,Banda,Anthony,L,L,TBA,P
1320,bauej001,Bauers,Jake,L,L,TBA,1B
1321,beekj001,Beeks,Jalen,L,L,TBA,P
1322,castd002,Castillo,Diego,R,R,TBA,P
1323,chiry001,Chirinos,Yonny,R,R,TBA,P
1324,choij001,Choi,Ji-Man,L,R,TBA,OF
1325,ciufn001,Ciuffo,Nick,L,R,TBA,C
1326,coloa001,Colome,Alex,R,R,TBA,P
1327,cronc002,Cron,C.J.,R,R,TBA,1B
1328,duffm002,Duffy,Matt,R,R,TBA,IF
1329,eovan001,Eovaldi,Nathan,R,R,TBA,P
1330,farij001,Faria,Jacob,R,R,TBA,P
1331,fielj003,Field,Johnny,R,R,TBA,OF
1332,fontw001,Font,Wilmer,R,R,TBA,P
1333,glast001,Glasnow,Tyler,L,R,TBA,P
1334,gomec002,Gomez,Carlos,R,R,TBA,OF
1335,hecha001,Hechavarria,Adeiny,R,R,TBA,SS
1336,hu--c002,Hu,Chih-Wei,R,R,TBA,P
1337,kierk001,Kiermaier,Kevin,L,R,TBA,OF
1338,kitta001,Kittredge,Andrew,R,R,TBA,P
1339,kolaa001,Kolarek,Adam,L,L,TBA,P
1340,loweb001,Lowe,Brandon,L,R,TBA,2B
1341,meada001,Meadows,Austin,L,L,TBA,OF
1342,millb002,Miller,Brad,L,R,TBA,SS
1343,milnh001,Milner,Hoby,L,L,TBA,P
1344,moora001,Moore,Adam,R,R,TBA,C
1345,nunov001,Nuno,Vidal,L,L,TBA,P
1346,perem005,Perez,Michael,L,R,TBA,C
1347,phamt001,Pham,Tommy,R,R,TBA,OF
1348,pruia001,Pruitt,Austin,R,R,TBA,P
1349,ramow001,Ramos,Wilson,R,R,TBA,C
1350,refsr001,Refsnyder,Rob,R,R,TBA,2B
1351,robed004,Robertson,Daniel,R,R,TBA,SS
1352,roe-c001,Roe,Chaz,R,R,TBA,P
1353,romos001,Romo,Sergio,R,R,TBA,P
1354,schuj002,Schultz,Jaime,R,R,TBA,P
1355,smitm007,Smith,Mallex,L,R,TBA,OF
1356,snelb001,Snell,Blake,L,L,TBA,P
1357,snydb003,Snyder,Brandon,R,R,TBA,3B
1358,spand001,Span,Denard,L,L,TBA,OF
1359,stanr002,Stanek,Ryne,R,R,TBA,P
1360,sucrj001,Sucre,Jesus,R,R,TBA,C
1361,velaa001,Velazquez,Andrew,B,R,TBA,SS
1362,ventj001,Venters,Jonny,L,L,TBA,P
1363,weber001,Weber,Ryan,R,R,TBA,P
1364,wendj002,Wendle,Joey,L,R,TBA,2B
1365,willj006,Williams,Justin,L,R,TBA,OF
1366,woodh001,Wood,Hunter,R,R,TBA,P
1367,yarbr001,Yarbrough,Ryan,R,L,TBA,P
1368,albeh001,Alberto,Hanser,R,R,TEX,2B
1369,andre001,Andrus,Elvis,R,R,TEX,SS
1370,barnt002,Barnette,Tony,R,R,TEX,P
1371,belta001,Beltre,Adrian,R,R,TEX,3B
1372,bibea001,Bibens-Dirkx,Austin,R,R,TEX,P
1373,bushm001,Bush,Matt,R,R,TEX,P
1374,butle001,Butler,Eddie,R,R,TEX,P
1375,calhw001,Calhoun,Willie,L,R,TEX,OF
1376,centj001,Centeno,Juan,L,R,TEX,C
1377,chavj001,Chavez,Jesse,R,R,TEX,P
1378,chirr001,Chirinos,Robinson,R,R,TEX,C
1379,choos001,Choo,Shin-Soo,L,L,TEX,OF
1380,claua001,Claudio,Alex,L,L,TEX,P
1381,colob001,Colon,Bartolo,R,R,TEX,P
1382,curtz001,Curtis,Zac,L,L,TEX,P
1383,deshd002,DeShields,Delino,R,R,TEX,OF
1384,diekj001,Diekman,Jake,L,L,TEX,P
1385,fistd001,Fister,Doug,L,R,TEX,P
1386,gally001,Gallardo,Yovani,R,R,TEX,P
1387,gallj002,Gallo,Joey,L,R,TEX,OF
1388,gardn001,Gardewine,Nick,R,R,TEX,P
1389,gearc001,Gearrin,Cory,R,R,TEX,P
1390,guzmr001,Guzman,Ronald,L,L,TEX,1B
1391,hamec001,Hamels,Cole,L,L,TEX,P
1392,hutcd001,Hutchison,Drew,L,R,TEX,P
1393,jepsk001,Jepsen,Kevin,R,R,TEX,P
1394,juraa001,Jurado,Ariel,R,R,TEX,P
1395,kelak001,Kela,Keone,R,R,TEX,P
1396,kinei001,Kiner-Falefa,Isiah,R,R,TEX,3B
1397,leclj001,Leclerc,Jose,R,R,TEX,P
1398,mannb001,Mann,Brandon,L,L,TEX,P
1399,martc007,Martin,Chris,R,R,TEX,P
1400,mazan001,Mazara,Nomar,L,L,TEX,OF
1401,mendy001,Mendez,Yohander,L,L,TEX,P
1402,minom001,Minor,Mike,R,L,TEX,P
1403,moorm003,Moore,Matt,L,L,TEX,P
1404,nuner001,Nunez,Renato,R,R,TEX,3B
1405,odorr001,Odor,Rougned,L,R,TEX,2B
1406,pelhc001,Pelham,C.D.,L,L,TEX,P
1407,perec003,Perez,Carlos,R,R,TEX,C
1408,perem004,Perez,Martin,L,L,TEX,P
1409,profj001,Profar,Jurickson,B,R,TEX,2B
1410,robid003,Robinson,Drew,L,R,TEX,3B
1411,rodrr007,Rodriguez,Ricardo,R,R,TEX,P
1412,rua-r001,Rua,Ryan,R,R,TEX,OF
1413,sadzc001,Sadzeck,Connor,R,R,TEX,P
1414,sampa001,Sampson,Adrian,R,R,TEX,P
1415,sprij001,Springs,Jeffrey,L,L,TEX,P
1416,toccc001,Tocci,Carlos,R,R,TEX,OF
1417,trevj001,Trevino,Jose,R,R,TEX,C
1418,alfoa002,Alford,Anthony,R,R,TOR,OF
1419,axfoj001,Axford,John,R,R,TOR,P
1420,barnd002,Barnes,Danny,L,R,TOR,P
1421,bertj001,Berti,Jon,R,R,TOR,3B
1422,biagj001,Biagini,Joe,R,R,TOR,P
1423,borur001,Borucki,Ryan,L,L,TOR,P
1424,clipt001,Clippard,Tyler,R,R,TOR,P
1425,cruzr001,Cruz,Rhiner,R,R,TOR,P
1426,cumpb001,Cumpton,Brandon,R,R,TOR,P
1427,davij007,Davis,Jonathan,R,R,TOR,OF
1428,diaza003,Diaz,Aledmys,R,R,TOR,SS
1429,donaj001,Donaldson,Josh,R,R,TOR,3B
1430,drako001,Drake,Oliver,R,R,TOR,P
1431,drurb001,Drury,Brandon,R,R,TOR,3B
1432,estrm001,Estrada,Marco,R,R,TOR,P
1433,fernj005,Fernandez,Jose,L,L,TOR,P
1434,garcj004,Garcia,Jaime,L,L,TOR,P
1435,gavis001,Gaviglio,Sam,R,R,TOR,P
1436,gilek001,Giles,Ken,R,R,TOR,P
1437,granc001,Granderson,Curtis,L,R,TOR,OF
1438,gricr001,Grichuk,Randal,R,R,TOR,OF
1439,guilp001,Guilmet,Preston,R,R,TOR,P
1440,guert002,Guerrieri,Taylor,R,R,TOR,P
1441,gurrl001,Gurriel,Lourdes,R,R,TOR,2B
1442,happj001,Happ,J.A.,L,L,TOR,P
1443,hausm001,Hauschild,Mike,R,R,TOR,P
1444,hernt002,Hernandez,Teoscar,R,R,TOR,OF
1445,jansd001,Jansen,Danny,R,R,TOR,C
1446,leitm002,Leiter,Mark,R,R,TOR,P
1447,loupa001,Loup,Aaron,L,L,TOR,P
1448,maill001,Maile,Luke,R,R,TOR,C
1449,martr004,Martin,Russell,R,R,TOR,C
1450,mayzt001,Mayza,Tim,L,L,TOR,P
1451,mcgud001,McGuire,Deck,R,R,TOR,P
1452,mcgur002,McGuire,Reese,L,R,TOR,C
1453,mckib001,McKinney,Billy,L,L,TOR,OF
1454,morak001,Morales,Kendrys,B,R,TOR,DH
1455,ngoeg001,Ngoepe,Gift,R,R,TOR,SS
1456,oh--s001,Oh,Seung Hwan,R,R,TOR,P
1457,osunr001,Osuna,Roberto,R,R,TOR,P
1458,pannt001,Pannone,Thomas,L,L,TOR,P
1459,pauld002,Paulino,David,R,R,TOR,P
1460,pears001,Pearce,Steve,R,R,TOR,OF
1461,petrj001,Petricka,Jake,R,R,TOR,P
1462,pillk001,Pillar,Kevin,R,R,TOR,OF
1463,pompd001,Pompey,Dalton,B,R,TOR,OF
1464,ramic001,Ramirez,Carlos,R,R,TOR,P
1465,reids001,Reid-Foley,Sean,R,R,TOR,P
1466,rowlc001,Rowley,Chris,R,R,TOR,P
1467,sanca006,Sanchez,Aaron,R,R,TOR,P
1468,santl001,Santos,Luis,R,R,TOR,P
1469,shafj001,Shafer,Justin,R,R,TOR,P
1470,smitd007,Smith,Dwight,L,R,TOR,OF
1471,smitm008,Smith,Murphy,R,R,TOR,P
1472,smoaj001,Smoak,Justin,B,L,TOR,1B
1473,solay001,Solarte,Yangervis,B,R,TOR,3B
1474,strom001,Stroman,Marcus,R,R,TOR,P
1475,sweed001,Sweeney,Darnell,B,R,TOR,OF
1476,tellr001,Tellez,Rowdy,L,L,TOR,1B
1477,teper001,Tepera,Ryan,R,R,TOR,P
1478,travd001,Travis,Devon,R,R,TOR,2B
1479,urenr001,Urena,Richard,B,R,TOR,SS
1480,urshg001,Urshela,Giovanny,R,R,TOR,3B
1481,adama002,Adams,Austin,R,R,WAS,P
1482,adamm002,Adams,Matt,L,R,WAS,1B
1483,bautr001,Bautista,Rafael,R,R,WAS,OF
1484,colea002,Cole,A.J.,R,R,WAS,P
1485,collt001,Collins,Tim,L,L,WAS,P
1486,cordj001,Cordero,Jimmy,R,R,WAS,P
1487,difow001,Difo,Wilmer,B,R,WAS,2B
1488,dools001,Doolittle,Sean,L,L,WAS,P
1489,eatoa002,Eaton,Adam,L,L,WAS,OF
1490,fedde001,Fedde,Erick,R,R,WAS,P
1491,glovk001,Glover,Koda,R,R,WAS,P
1492,gonzg003,Gonzalez,Gio,R,L,WAS,P
1493,goodb001,Goodwin,Brian,L,R,WAS,OF
1494,gottt001,Gott,Trevor,R,R,WAS,P
1495,gracm003,Grace,Matt,L,L,WAS,P
1496,harpb003,Harper,Bryce,L,R,WAS,OF
1497,hellj001,Hellickson,Jeremy,R,R,WAS,P
1498,herrk001,Herrera,Kelvin,R,R,WAS,P
1499,hollg001,Holland,Greg,R,R,WAS,P
1500,kells001,Kelley,Shawn,R,R,WAS,P
1501,kendh001,Kendrick,Howie,R,R,WAS,2B
1502,kiebs001,Kieboom,Spencer,R,R,WAS,C
1503,kintb001,Kintzler,Brandon,R,R,WAS,P
1504,madsr001,Madson,Ryan,L,R,WAS,P
1505,mcgok002,McGowin,Kyle,R,R,WAS,P
1506,millj006,Miller,Justin,R,R,WAS,P
1507,milot001,Milone,Tom,L,L,WAS,P
1508,montm001,Montero,Miguel,L,R,WAS,C
1509,murpd006,Murphy,Daniel,L,R,WAS,2B
1510,renda001,Rendon,Anthony,R,R,WAS,2B
1511,reynm001,Reynolds,Mark,R,R,WAS,1B
1512,reynm003,Reynolds,Matt,R,R,WAS,SS
1513,roart001,Roark,Tanner,R,R,WAS,P 
1514,roblv001,Robles,Victor,R,R,WAS,OF
1515,rodrj005,Rodriguez,Jefry,R,R,WAS,P
1516,romee002,Romero,Enny,R,L,WAS,P
1517,rossj002,Ross,Joe,R,R,WAS,P
1518,sanca007,Sanchez,Adrian,R,R,WAS,2B
1519,schem001,Scherzer,Max,R,R,WAS,P
1520,sevep001,Severino,Pedro,R,R,WAS,C
1521,sierm001,Sierra,Moises,R,R,WAS,OF
1522,solis001,Solis,Sammy,R,L,WAS,P
1523,sotoj001,Soto,Juan,L,L,WAS,OF
1524,steva001,Stevenson,Andrew,L,L,WAS,OF
1525,stras001,Strasburg,Stephen,R,R,WAS,P
1526,suerw002,Suero,Wander,R,R,WAS,P
1527,taylm002,Taylor,Michael,R,R,WAS,OF
1528,torrc001,Torres,Carlos,R,R,WAS,P
1529,turnt001,Turner,Trea,R,R,WAS,SS
1530,votha001,Voth,Austin,R,R,WAS,P
1531,wietm001,Wieters,Matt,B,R,WAS,C
1532,willa003,Williams,Austen,R,R,WAS,P
1533,zimmr001,Zimmerman,Ryan,R,R,WAS,1B
